state_fips,county_fips,poverty_all_pct,child_poverty_pct,median_income,county,year
37,1,18.9,26.1,41566,Alamance,2015
37,3,15.5,22.3,41092,Alexander,2015
37,5,22.9,35.9,36113,Alleghany,2015
37,7,25.2,35.6,35307,Anson,2015
37,9,20.2,31.8,35238,Ashe,2015
37,11,19.7,29.9,37120,Avery,2015
37,13,19.2,33.3,41725,Beaufort,2015
37,15,24.8,35.9,31967,Bertie,2015
37,17,25.4,35.2,33882,Bladen,2015
37,19,14.3,24.5,48831,Brunswick,2015
37,21,15.2,23.2,45094,Buncombe,2015
37,23,16.7,23.6,42711,Burke,2015
37,25,10.8,15.2,57881,Cabarrus,2015
37,27,16.2,23.9,39636,Caldwell,2015
37,29,9.7,13.7,62000,Camden,2015
37,31,13.8,22.7,50837,Carteret,2015
37,33,20.1,29.8,40504,Caswell,2015
37,35,15.1,20.8,41745,Catawba,2015
37,37,11.6,18.0,58860,Chatham,2015
37,39,18.3,30.9,38284,Cherokee,2015
37,41,19.4,33.0,40794,Chowan,2015
37,43,17.4,31.9,38980,Clay,2015
37,45,19.8,29.4,40237,Cleveland,2015
37,47,24.0,34.1,34478,Columbus,2015
37,49,15.0,24.2,47805,Craven,2015
37,51,18.8,27.6,42380,Cumberland,2015
37,53,10.4,17.0,66426,Currituck,2015
37,55,10.3,17.8,53585,Dare,2015
37,57,14.1,21.3,46400,Davidson,2015
37,59,12.3,18.4,52525,Davie,2015
37,61,24.9,34.1,38397,Duplin,2015
37,63,17.1,26.0,53875,Durham,2015
37,65,27.8,42.6,32529,Edgecombe,2015
37,67,18.1,28.5,47346,Forsyth,2015
37,69,16.0,22.5,48009,Franklin,2015
37,71,17.3,25.0,45031,Gaston,2015
37,73,16.7,23.5,46387,Gates,2015
37,75,21.0,32.6,33827,Graham,2015
37,77,16.0,21.8,50314,Granville,2015
37,79,25.4,34.5,35060,Greene,2015
37,81,15.7,23.5,48283,Guilford,2015
37,83,27.9,39.1,31952,Halifax,2015
37,85,17.7,23.8,48301,Harnett,2015
37,87,17.6,27.3,43573,Haywood,2015
37,89,13.1,21.1,47280,Henderson,2015
37,91,26.9,37.6,34453,Hertford,2015
37,93,19.9,28.5,42819,Hoke,2015
37,95,23.0,30.7,37074,Hyde,2015
37,97,14.2,19.3,55848,Iredell,2015
37,99,20.9,27.3,41537,Jackson,2015
37,101,13.0,18.7,52681,Johnston,2015
37,103,21.4,36.5,39688,Jones,2015
37,105,17.1,25.8,44294,Lee,2015
37,107,22.7,36.9,37085,Lenoir,2015
37,109,13.4,20.4,49343,Lincoln,2015
37,111,18.8,26.8,37430,McDowell,2015
37,113,16.9,29.4,41395,Macon,2015
37,115,20.9,29.1,37899,Madison,2015
37,117,22.5,36.3,36543,Martin,2015
37,119,14.3,19.1,57029,Mecklenburg,2015
37,121,16.7,27.5,39955,Mitchell,2015
37,123,19.9,31.3,39096,Montgomery,2015
37,125,13.2,21.1,52139,Moore,2015
37,127,18.1,25.9,43450,Nash,2015
37,129,17.3,22.1,52456,New Hanover,2015
37,131,26.8,45.3,33301,Northampton,2015
37,133,15.3,21.5,46144,Onslow,2015
37,135,14.3,13.1,61570,Orange,2015
37,137,14.6,32.3,41004,Pamlico,2015
37,139,19.1,29.5,42171,Pasquotank,2015
37,141,14.8,21.9,49390,Pender,2015
37,143,17.6,31.6,42337,Perquimans,2015
37,145,16.3,24.0,43917,Person,2015
37,147,25.9,30.6,41909,Pitt,2015
37,149,13.5,24.1,45672,Polk,2015
37,151,16.4,25.0,43216,Randolph,2015
37,153,28.7,42.8,33017,Richmond,2015
37,155,30.6,41.9,32128,Robeson,2015
37,157,18.4,26.3,40148,Rockingham,2015
37,159,17.3,26.5,44862,Rowan,2015
37,161,19.2,29.6,36998,Rutherford,2015
37,163,21.4,29.5,40660,Sampson,2015
37,165,29.0,44.4,35447,Scotland,2015
37,167,17.1,25.1,44878,Stanly,2015
37,169,15.3,22.8,42889,Stokes,2015
37,171,18.2,27.0,38408,Surry,2015
37,173,16.2,26.0,36103,Swain,2015
37,175,15.4,29.6,45792,Transylvania,2015
37,177,25.0,36.2,33759,Tyrrell,2015
37,179,9.7,12.7,71690,Union,2015
37,181,24.6,37.3,32698,Vance,2015
37,183,11.1,14.7,70629,Wake,2015
37,185,27.3,37.1,34149,Warren,2015
37,187,23.4,40.9,35146,Washington,2015
37,189,25.3,18.9,41762,Watauga,2015
37,191,18.4,28.1,41161,Wayne,2015
37,193,18.7,27.4,40647,Wilkes,2015
37,195,19.9,30.3,41276,Wilson,2015
37,197,16.3,24.9,41208,Yadkin,2015
37,199,19.3,29.2,36418,Yancey,2015
37,1,16.1,23.8,46060,Alamance,2016
37,3,15.0,23.0,46385,Alexander,2016
37,5,20.6,34.7,35965,Alleghany,2016
37,7,25.1,35.8,35809,Anson,2016
37,9,16.1,25.8,39709,Ashe,2016
37,11,19.7,30.2,38098,Avery,2016
37,13,19.0,30.8,41431,Beaufort,2016
37,15,24.4,34.9,33809,Bertie,2016
37,17,26.4,35.3,33621,Bladen,2016
37,19,13.8,23.2,51457,Brunswick,2016
37,21,13.5,19.4,50538,Buncombe,2016
37,23,17.7,26.6,41383,Burke,2016
37,25,11.0,16.1,63059,Cabarrus,2016
37,27,17.1,22.7,39166,Caldwell,2016
37,29,8.7,10.9,65415,Camden,2016
37,31,12.3,17.9,51557,Carteret,2016
37,33,19.7,29.5,40570,Caswell,2016
37,35,12.7,18.1,49475,Catawba,2016
37,37,11.7,17.4,63303,Chatham,2016
37,39,18.4,31.4,37237,Cherokee,2016
37,41,18.9,31.3,41151,Chowan,2016
37,43,15.3,27.5,37581,Clay,2016
37,45,20.6,27.7,38654,Cleveland,2016
37,47,24.6,35.9,35290,Columbus,2016
37,49,15.3,22.7,49524,Craven,2016
37,51,18.8,27.2,45286,Cumberland,2016
37,53,10.2,15.7,57570,Currituck,2016
37,55,10.9,17.6,56371,Dare,2016
37,57,15.4,22.0,46263,Davidson,2016
37,59,11.6,17.4,54189,Davie,2016
37,61,21.3,31.0,38771,Duplin,2016
37,63,16.1,23.7,54255,Durham,2016
37,65,23.9,36.2,34612,Edgecombe,2016
37,67,17.5,24.5,48987,Forsyth,2016
37,69,15.3,21.5,49484,Franklin,2016
37,71,15.7,23.2,48874,Gaston,2016
37,73,15.2,22.3,45755,Gates,2016
37,75,19.9,30.7,35763,Graham,2016
37,77,15.2,20.9,50414,Granville,2016
37,79,23.7,32.5,39738,Greene,2016
37,81,18.3,25.6,47754,Guilford,2016
37,83,27.0,38.0,33044,Halifax,2016
37,85,16.1,20.7,51106,Harnett,2016
37,87,15.9,28.2,45290,Haywood,2016
37,89,12.2,18.9,53638,Henderson,2016
37,91,26.1,34.2,35424,Hertford,2016
37,93,19.5,25.3,46004,Hoke,2016
37,95,22.3,29.7,37881,Hyde,2016
37,97,10.6,14.1,56325,Iredell,2016
37,99,20.9,24.2,44004,Jackson,2016
37,101,13.2,19.2,55174,Johnston,2016
37,103,21.5,36.6,38873,Jones,2016
37,105,16.9,24.2,46723,Lee,2016
37,107,20.6,32.3,39341,Lenoir,2016
37,109,12.7,17.6,50714,Lincoln,2016
37,111,18.4,26.8,41443,McDowell,2016
37,113,16.4,26.4,41140,Macon,2016
37,115,18.8,25.9,40765,Madison,2016
37,117,22.5,35.9,35561,Martin,2016
37,119,12.3,18.1,63197,Mecklenburg,2016
37,121,16.4,25.0,42530,Mitchell,2016
37,123,21.4,30.1,40371,Montgomery,2016
37,125,11.4,16.6,54545,Moore,2016
37,127,16.5,25.1,47403,Nash,2016
37,129,17.3,20.5,51373,New Hanover,2016
37,131,22.4,37.2,35711,Northampton,2016
37,133,13.7,19.1,47163,Onslow,2016
37,135,12.8,11.4,65299,Orange,2016
37,137,18.5,32.2,43927,Pamlico,2016
37,139,17.0,27.2,43687,Pasquotank,2016
37,141,15.0,20.9,50437,Pender,2016
37,143,16.9,28.6,45052,Perquimans,2016
37,145,15.4,23.8,47974,Person,2016
37,147,21.5,24.2,45918,Pitt,2016
37,149,14.5,22.8,47185,Polk,2016
37,151,14.4,20.8,45939,Randolph,2016
37,153,24.9,38.2,35367,Richmond,2016
37,155,27.8,38.3,34439,Robeson,2016
37,157,18.1,27.1,41620,Rockingham,2016
37,159,16.5,26.1,47971,Rowan,2016
37,161,18.6,26.4,38699,Rutherford,2016
37,163,19.6,29.1,41477,Sampson,2016
37,165,27.6,38.7,35138,Scotland,2016
37,167,13.1,20.8,49106,Stanly,2016
37,169,12.4,18.2,48148,Stokes,2016
37,171,17.0,25.3,38843,Surry,2016
37,173,16.7,25.4,38996,Swain,2016
37,175,16.6,30.6,44578,Transylvania,2016
37,177,27.3,38.2,33666,Tyrrell,2016
37,179,9.0,12.1,72548,Union,2016
37,181,24.2,35.9,34717,Vance,2016
37,183,9.2,11.5,76173,Wake,2016
37,185,26.4,39.5,36285,Warren,2016
37,187,26.1,43.2,35367,Washington,2016
37,189,24.3,19.5,44014,Watauga,2016
37,191,20.6,29.2,42421,Wayne,2016
37,193,16.8,25.4,41640,Wilkes,2016
37,195,22.3,35.8,41352,Wilson,2016
37,197,14.0,21.3,46276,Yadkin,2016
37,199,19.1,28.1,39686,Yancey,2016
37,1,14.4,20.6,47914,Alamance,2017
37,3,11.7,16.1,48577,Alexander,2017
37,5,20.9,34.7,38994,Alleghany,2017
37,7,22.2,33.0,41266,Anson,2017
37,9,15.9,25.1,40611,Ashe,2017
37,11,18.6,27.5,40682,Avery,2017
37,13,22.0,31.1,43497,Beaufort,2017
37,15,27.2,39.2,33022,Bertie,2017
37,17,20.7,28.4,38059,Bladen,2017
37,19,11.9,21.5,56227,Brunswick,2017
37,21,11.5,17.6,50271,Buncombe,2017
37,23,16.6,22.1,42179,Burke,2017
37,25,11.1,13.6,62167,Cabarrus,2017
37,27,16.3,22.1,44798,Caldwell,2017
37,29,8.0,10.7,64086,Camden,2017
37,31,13.3,20.9,53192,Carteret,2017
37,33,19.3,28.8,44998,Caswell,2017
37,35,12.5,18.7,53348,Catawba,2017
37,37,10.3,16.0,63373,Chatham,2017
37,39,17.2,28.8,38283,Cherokee,2017
37,41,17.6,29.2,43182,Chowan,2017
37,43,15.4,27.4,43684,Clay,2017
37,45,18.8,26.6,39911,Cleveland,2017
37,47,23.1,34.7,37639,Columbus,2017
37,49,16.3,26.4,51390,Craven,2017
37,51,18.6,25.1,44065,Cumberland,2017
37,53,10.7,15.0,62397,Currituck,2017
37,55,9.4,16.3,57316,Dare,2017
37,57,15.2,21.5,47595,Davidson,2017
37,59,12.2,17.1,58147,Davie,2017
37,61,20.7,30.5,39470,Duplin,2017
37,63,15.7,24.3,60045,Durham,2017
37,65,25.5,38.5,35130,Edgecombe,2017
37,67,16.6,25.1,50803,Forsyth,2017
37,69,15.7,23.9,53076,Franklin,2017
37,71,15.1,21.7,50016,Gaston,2017
37,73,15.7,22.6,50164,Gates,2017
37,75,18.1,28.0,37748,Graham,2017
37,77,12.6,17.0,53142,Granville,2017
37,79,27.6,43.7,40131,Greene,2017
37,81,14.5,19.7,52284,Guilford,2017
37,83,28.1,40.2,34027,Halifax,2017
37,85,16.4,22.9,51406,Harnett,2017
37,87,14.5,22.5,47872,Haywood,2017
37,89,10.7,17.5,51314,Henderson,2017
37,91,24.4,36.7,38786,Hertford,2017
37,93,15.9,23.2,50777,Hoke,2017
37,95,21.9,30.8,41214,Hyde,2017
37,97,11.3,16.4,56559,Iredell,2017
37,99,17.0,22.5,46113,Jackson,2017
37,101,15.1,21.4,58647,Johnston,2017
37,103,22.3,32.6,41523,Jones,2017
37,105,14.8,22.9,53297,Lee,2017
37,107,24.7,37.7,39411,Lenoir,2017
37,109,12.5,15.1,57042,Lincoln,2017
37,111,16.2,25.9,42853,McDowell,2017
37,113,16.2,26.5,42456,Macon,2017
37,115,17.6,24.3,41891,Madison,2017
37,117,20.5,30.7,37225,Martin,2017
37,119,11.4,16.8,65750,Mecklenburg,2017
37,121,16.7,25.6,40589,Mitchell,2017
37,123,17.8,27.3,43695,Montgomery,2017
37,125,10.7,14.8,62781,Moore,2017
37,127,15.8,23.9,47597,Nash,2017
37,129,15.5,21.0,53692,New Hanover,2017
37,131,24.3,40.1,36190,Northampton,2017
37,133,13.5,18.3,49634,Onslow,2017
37,135,13.4,11.2,69422,Orange,2017
37,137,17.4,30.5,48410,Pamlico,2017
37,139,20.2,30.7,46709,Pasquotank,2017
37,141,12.6,17.5,52187,Pender,2017
37,143,18.0,28.0,45011,Perquimans,2017
37,145,15.1,21.9,50269,Person,2017
37,147,21.7,29.6,46229,Pitt,2017
37,149,12.5,21.3,45587,Polk,2017
37,151,15.8,23.4,44207,Randolph,2017
37,153,24.8,37.1,36401,Richmond,2017
37,155,29.0,44.4,33714,Robeson,2017
37,157,16.3,23.9,46247,Rockingham,2017
37,159,15.3,22.4,47541,Rowan,2017
37,161,16.1,24.4,40758,Rutherford,2017
37,163,20.7,31.1,41951,Sampson,2017
37,165,26.4,39.3,37947,Scotland,2017
37,167,12.4,19.6,49871,Stanly,2017
37,169,14.1,20.6,48748,Stokes,2017
37,171,16.1,23.1,43023,Surry,2017
37,173,15.8,24.0,41407,Swain,2017
37,175,15.2,24.3,47587,Transylvania,2017
37,177,24.4,35.0,35223,Tyrrell,2017
37,179,9.1,11.6,77875,Union,2017
37,181,23.4,38.0,39847,Vance,2017
37,183,8.9,11.6,77641,Wake,2017
37,185,20.9,33.0,36831,Warren,2017
37,187,24.8,40.7,36171,Washington,2017
37,189,20.5,16.8,48417,Watauga,2017
37,191,20.3,31.1,44592,Wayne,2017
37,193,18.5,24.7,42453,Wilkes,2017
37,195,18.1,28.7,44825,Wilson,2017
37,197,13.4,22.0,46885,Yadkin,2017
37,199,16.5,25.5,41053,Yancey,2017
37,1,13.5,19.8,50480,Alamance,2018
37,3,13.0,19.6,49138,Alexander,2018
37,5,18.7,29.8,39735,Alleghany,2018
37,7,20.5,31.5,38023,Anson,2018
37,9,16.9,26.2,41864,Ashe,2018
37,11,16.8,25.4,41701,Avery,2018
37,13,18.1,27.5,46411,Beaufort,2018
37,15,23.5,32.0,35433,Bertie,2018
37,17,29.1,44.2,36976,Bladen,2018
37,19,10.5,20.1,60163,Brunswick,2018
37,21,11.5,16.8,53960,Buncombe,2018
37,23,14.0,20.6,44946,Burke,2018
37,25,9.0,12.9,69297,Cabarrus,2018
37,27,15.9,22.4,43328,Caldwell,2018
37,29,8.3,9.9,65955,Camden,2018
37,31,9.8,15.9,55052,Carteret,2018
37,33,17.1,28.1,45517,Caswell,2018
37,35,13.0,20.0,53738,Catawba,2018
37,37,9.3,14.2,73703,Chatham,2018
37,39,18.8,27.9,41262,Cherokee,2018
37,41,17.2,30.2,42618,Chowan,2018
37,43,14.6,24.2,42878,Clay,2018
37,45,19.1,28.4,42728,Cleveland,2018
37,47,25.3,36.2,36862,Columbus,2018
37,49,14.9,21.8,50748,Craven,2018
37,51,17.0,23.7,46779,Cumberland,2018
37,53,9.7,13.8,64426,Currituck,2018
37,55,8.3,13.6,64768,Dare,2018
37,57,15.0,23.2,47758,Davidson,2018
37,59,10.8,15.5,60801,Davie,2018
37,61,20.4,30.7,42725,Duplin,2018
37,63,13.5,19.3,59329,Durham,2018
37,65,22.9,37.0,38818,Edgecombe,2018
37,67,16.4,25.1,50112,Forsyth,2018
37,69,12.7,20.0,57710,Franklin,2018
37,71,14.2,19.2,52798,Gaston,2018
37,73,15.2,21.1,51746,Gates,2018
37,75,18.9,26.3,39502,Graham,2018
37,77,13.0,19.1,58956,Granville,2018
37,79,23.5,34.3,43591,Greene,2018
37,81,15.4,23.1,52166,Guilford,2018
37,83,22.0,33.6,36760,Halifax,2018
37,85,14.4,19.7,51225,Harnett,2018
37,87,13.1,21.8,47183,Haywood,2018
37,89,9.7,15.5,54012,Henderson,2018
37,91,23.2,31.7,38216,Hertford,2018
37,93,18.0,25.6,47892,Hoke,2018
37,95,22.2,31.9,40653,Hyde,2018
37,97,9.5,13.6,60044,Iredell,2018
37,99,16.7,21.4,44502,Jackson,2018
37,101,11.7,16.7,60296,Johnston,2018
37,103,16.2,28.9,43302,Jones,2018
37,105,15.7,22.5,48984,Lee,2018
37,107,22.1,37.7,40433,Lenoir,2018
37,109,10.3,14.6,62963,Lincoln,2018
37,111,15.4,21.4,43972,McDowell,2018
37,113,16.3,26.1,46426,Macon,2018
37,115,17.0,23.0,44693,Madison,2018
37,117,20.3,30.6,43569,Martin,2018
37,119,11.7,17.5,64509,Mecklenburg,2018
37,121,16.1,23.9,43967,Mitchell,2018
37,123,16.7,26.1,47757,Montgomery,2018
37,125,10.5,14.9,59471,Moore,2018
37,127,14.2,22.8,50122,Nash,2018
37,129,15.3,19.3,53419,New Hanover,2018
37,131,21.4,34.3,37233,Northampton,2018
37,133,15.1,20.8,50531,Onslow,2018
37,135,12.4,10.8,71920,Orange,2018
37,137,16.6,29.3,46447,Pamlico,2018
37,139,18.2,28.2,46355,Pasquotank,2018
37,141,15.1,21.9,54900,Pender,2018
37,143,15.8,27.6,48337,Perquimans,2018
37,145,14.8,23.4,50149,Person,2018
37,147,23.2,26.5,43303,Pitt,2018
37,149,11.8,20.4,50467,Polk,2018
37,151,13.8,20.6,48372,Randolph,2018
37,153,19.9,31.1,38514,Richmond,2018
37,155,24.5,35.6,35407,Robeson,2018
37,157,17.9,26.0,41869,Rockingham,2018
37,159,16.3,25.2,46864,Rowan,2018
37,161,19.1,28.3,42831,Rutherford,2018
37,163,22.8,33.0,42807,Sampson,2018
37,165,26.9,41.8,36730,Scotland,2018
37,167,13.2,19.2,51491,Stanly,2018
37,169,12.1,18.2,50826,Stokes,2018
37,171,16.0,23.6,46342,Surry,2018
37,173,15.2,22.9,43121,Swain,2018
37,175,12.8,22.6,51398,Transylvania,2018
37,177,25.2,35.1,36765,Tyrrell,2018
37,179,7.0,9.4,80428,Union,2018
37,181,26.3,35.8,40263,Vance,2018
37,183,8.4,10.4,80169,Wake,2018
37,185,19.8,30.1,38430,Warren,2018
37,187,21.1,38.7,36042,Washington,2018
37,189,21.2,15.3,48489,Watauga,2018
37,191,20.2,31.5,41572,Wayne,2018
37,193,18.9,31.6,44080,Wilkes,2018
37,195,21.1,31.1,44015,Wilson,2018
37,197,13.0,20.5,49070,Yadkin,2018
37,199,17.8,26.3,44756,Yancey,2018
37,1,14.6,21.8,57963,Alamance,2019
37,3,11.7,16.7,54960,Alexander,2019
37,5,16.9,26.3,41420,Alleghany,2019
37,7,21.4,31.1,40826,Anson,2019
37,9,14.6,22.6,41542,Ashe,2019
37,11,16.4,24.4,45823,Avery,2019
37,13,17.6,29.5,49410,Beaufort,2019
37,15,24.2,32.4,37899,Bertie,2019
37,17,21.2,29.9,42260,Bladen,2019
37,19,10.2,21.0,63712,Brunswick,2019
37,21,12.2,17.3,55448,Buncombe,2019
37,23,18.4,30.5,47890,Burke,2019
37,25,7.9,10.6,72071,Cabarrus,2019
37,27,12.0,17.8,48512,Caldwell,2019
37,29,7.6,9.4,69610,Camden,2019
37,31,10.4,17.0,60058,Carteret,2019
37,33,16.2,25.1,51240,Caswell,2019
37,35,13.3,18.6,53688,Catawba,2019
37,37,8.7,12.4,70258,Chatham,2019
37,39,17.7,29.3,42764,Cherokee,2019
37,41,18.5,28.5,47126,Chowan,2019
37,43,14.0,25.5,47116,Clay,2019
37,45,19.0,30.5,46012,Cleveland,2019
37,47,22.3,32.5,39531,Columbus,2019
37,49,13.8,20.0,53372,Craven,2019
37,51,18.0,25.7,46599,Cumberland,2019
37,53,8.8,13.7,70699,Currituck,2019
37,55,8.9,13.8,63033,Dare,2019
37,57,15.2,22.6,53924,Davidson,2019
37,59,10.9,15.1,63828,Davie,2019
37,61,17.7,28.9,44929,Duplin,2019
37,63,14.0,20.6,65541,Durham,2019
37,65,21.0,33.3,40784,Edgecombe,2019
37,67,15.2,22.5,53054,Forsyth,2019
37,69,11.6,17.0,57371,Franklin,2019
37,71,11.6,16.5,56542,Gaston,2019
37,73,14.7,21.1,54204,Gates,2019
37,75,16.8,23.2,45813,Graham,2019
37,77,14.6,22.5,54300,Granville,2019
37,79,20.2,30.4,44648,Greene,2019
37,81,16.0,23.1,55820,Guilford,2019
37,83,23.8,37.5,38727,Halifax,2019
37,85,15.6,20.6,55619,Harnett,2019
37,87,10.6,16.7,51612,Haywood,2019
37,89,10.6,18.1,61651,Henderson,2019
37,91,23.0,28.3,42374,Hertford,2019
37,93,16.9,22.2,48420,Hoke,2019
37,95,19.2,28.1,43112,Hyde,2019
37,97,8.2,11.5,68308,Iredell,2019
37,99,19.3,24.8,47759,Jackson,2019
37,101,12.5,18.1,62835,Johnston,2019
37,103,18.8,31.8,46275,Jones,2019
37,105,14.2,21.1,53114,Lee,2019
37,107,23.1,37.1,39947,Lenoir,2019
37,109,9.0,13.0,70479,Lincoln,2019
37,111,13.6,19.8,46370,McDowell,2019
37,113,14.3,22.9,46279,Macon,2019
37,115,14.6,19.7,50062,Madison,2019
37,117,20.6,33.5,39413,Martin,2019
37,119,10.3,13.8,69455,Mecklenburg,2019
37,121,14.8,22.1,47675,Mitchell,2019
37,123,16.1,24.2,46497,Montgomery,2019
37,125,11.3,17.1,63942,Moore,2019
37,127,16.4,22.1,50902,Nash,2019
37,129,13.0,16.2,57252,New Hanover,2019
37,131,21.6,37.2,39777,Northampton,2019
37,133,12.5,17.9,50645,Onslow,2019
37,135,13.4,13.3,74314,Orange,2019
37,137,15.9,28.4,52522,Pamlico,2019
37,139,14.3,24.1,51245,Pasquotank,2019
37,141,11.5,17.1,60405,Pender,2019
37,143,15.0,26.3,50804,Perquimans,2019
37,145,15.4,26.8,54553,Person,2019
37,147,19.2,24.1,52961,Pitt,2019
37,149,12.1,20.7,53405,Polk,2019
37,151,14.1,18.9,50129,Randolph,2019
37,153,25.8,42.7,40518,Richmond,2019
37,155,31.5,48.1,36366,Robeson,2019
37,157,18.4,25.5,44686,Rockingham,2019
37,159,13.9,19.8,52051,Rowan,2019
37,161,18.5,28.1,44547,Rutherford,2019
37,163,16.8,26.1,45997,Sampson,2019
37,165,28.5,46.3,39197,Scotland,2019
37,167,10.7,16.7,58303,Stanly,2019
37,169,13.0,17.0,52356,Stokes,2019
37,171,16.0,22.6,48637,Surry,2019
37,173,16.1,27.4,46075,Swain,2019
37,175,13.1,20.3,55628,Transylvania,2019
37,177,25.4,34.9,37680,Tyrrell,2019
37,179,7.3,8.8,86138,Union,2019
37,181,18.5,31.0,40450,Vance,2019
37,183,8.0,9.4,84377,Wake,2019
37,185,21.7,32.7,37027,Warren,2019
37,187,21.3,36.4,40157,Washington,2019
37,189,21.4,14.3,51630,Watauga,2019
37,191,18.6,30.2,45634,Wayne,2019
37,193,15.2,21.1,45250,Wilkes,2019
37,195,21.5,32.2,42414,Wilson,2019
37,197,13.9,23.8,50929,Yadkin,2019
37,199,14.2,22.0,47664,Yancey,2019
37,1,15.1,18.3,53220,Alamance,2020
37,3,11.8,16.8,53523,Alexander,2020
37,5,18.1,30.7,39916,Alleghany,2020
37,7,20.7,29.3,40818,Anson,2020
37,9,14.5,22.4,44543,Ashe,2020
37,11,15.8,23.8,50800,Avery,2020
37,13,18.1,29.0,50253,Beaufort,2020
37,15,22.8,31.5,41889,Bertie,2020
37,17,21.6,35.5,43664,Bladen,2020
37,19,11.2,19.6,64371,Brunswick,2020
37,21,13.9,17.4,66156,Buncombe,2020
37,23,18.4,30.1,48729,Burke,2020
37,25,8.0,10.5,79736,Cabarrus,2020
37,27,13.0,19.1,50235,Caldwell,2020
37,29,7.4,8.6,72135,Camden,2020
37,31,9.3,16.0,63475,Carteret,2020
37,33,15.4,24.0,48070,Caswell,2020
37,35,11.6,17.2,52737,Catawba,2020
37,37,9.6,13.3,74747,Chatham,2020
37,39,15.1,24.9,44449,Cherokee,2020
37,41,17.3,28.9,45365,Chowan,2020
37,43,16.4,24.1,44052,Clay,2020
37,45,15.0,21.7,49041,Cleveland,2020
37,47,21.3,26.6,40712,Columbus,2020
37,49,13.2,19.0,53960,Craven,2020
37,51,18.5,25.3,49160,Cumberland,2020
37,53,9.6,14.8,73433,Currituck,2020
37,55,8.8,13.2,72962,Dare,2020
37,57,12.0,17.5,56067,Davidson,2020
37,59,9.6,13.0,65418,Davie,2020
37,61,18.3,26.9,49755,Duplin,2020
37,63,11.7,16.2,65619,Durham,2020
37,65,24.1,45.4,45156,Edgecombe,2020
37,67,13.0,18.8,56158,Forsyth,2020
37,69,12.0,16.4,54868,Franklin,2020
37,71,11.8,16.1,60622,Gaston,2020
37,73,13.2,19.7,57680,Gates,2020
37,75,16.6,23.8,42057,Graham,2020
37,77,15.0,15.4,53112,Granville,2020
37,79,21.3,29.7,47605,Greene,2020
37,81,13.3,19.3,55577,Guilford,2020
37,83,23.9,31.0,41098,Halifax,2020
37,85,14.4,19.5,55586,Harnett,2020
37,87,13.6,20.8,50492,Haywood,2020
37,89,11.0,17.0,60550,Henderson,2020
37,91,20.7,28.0,46632,Hertford,2020
37,93,15.0,21.3,53728,Hoke,2020
37,95,20.0,28.0,45548,Hyde,2020
37,97,9.7,13.6,61892,Iredell,2020
37,99,16.6,20.0,49488,Jackson,2020
37,101,11.4,13.9,63882,Johnston,2020
37,103,18.3,29.3,44972,Jones,2020
37,105,15.4,22.4,57025,Lee,2020
37,107,17.2,26.1,40586,Lenoir,2020
37,109,11.9,13.4,56183,Lincoln,2020
37,111,15.2,22.8,47579,McDowell,2020
37,113,12.9,18.5,51973,Macon,2020
37,115,14.0,20.0,49373,Madison,2020
37,117,20.1,32.3,42264,Martin,2020
37,119,11.0,16.3,72340,Mecklenburg,2020
37,121,14.0,20.4,49236,Mitchell,2020
37,123,16.0,23.8,48522,Montgomery,2020
37,125,9.3,12.6,69413,Moore,2020
37,127,14.9,22.3,49883,Nash,2020
37,129,10.2,14.3,65615,New Hanover,2020
37,131,21.7,31.8,41630,Northampton,2020
37,133,12.5,15.9,52885,Onslow,2020
37,135,10.3,8.7,82732,Orange,2020
37,137,14.7,26.8,50481,Pamlico,2020
37,139,14.0,23.5,56654,Pasquotank,2020
37,141,12.3,16.5,59812,Pender,2020
37,143,14.4,26.0,50813,Perquimans,2020
37,145,13.5,19.5,58991,Person,2020
37,147,17.1,21.5,49955,Pitt,2020
37,149,12.0,18.7,58607,Polk,2020
37,151,14.2,19.7,48849,Randolph,2020
37,153,21.5,34.2,42335,Richmond,2020
37,155,26.6,39.2,39139,Robeson,2020
37,157,13.8,22.0,50388,Rockingham,2020
37,159,14.4,22.2,55398,Rowan,2020
37,161,19.1,25.5,44004,Rutherford,2020
37,163,21.2,28.2,45387,Sampson,2020
37,165,29.7,45.6,33531,Scotland,2020
37,167,14.5,19.1,53769,Stanly,2020
37,169,12.1,19.0,59068,Stokes,2020
37,171,15.4,20.0,47114,Surry,2020
37,173,13.9,20.9,47559,Swain,2020
37,175,12.6,20.6,56880,Transylvania,2020
37,177,20.8,29.4,42260,Tyrrell,2020
37,179,7.0,8.4,90920,Union,2020
37,181,21.3,30.0,41935,Vance,2020
37,183,7.4,8.3,88763,Wake,2020
37,185,22.8,33.3,42808,Warren,2020
37,187,24.3,37.8,38704,Washington,2020
37,189,15.8,12.9,54004,Watauga,2020
37,191,14.9,23.2,52906,Wayne,2020
37,193,14.4,20.1,46830,Wilkes,2020
37,195,21.2,32.8,44089,Wilson,2020
37,197,12.1,16.8,53154,Yadkin,2020
37,199,14.9,22.2,48662,Yancey,2020
37,1,12.5,17.6,58847,Alamance,2021
37,3,12.6,18.3,52989,Alexander,2021
37,5,17.8,28.4,45239,Alleghany,2021
37,7,21.2,30.5,40773,Anson,2021
37,9,14.2,22.4,45551,Ashe,2021
37,11,17.0,24.0,48470,Avery,2021
37,13,20.1,32.0,50312,Beaufort,2021
37,15,20.7,30.8,41280,Bertie,2021
37,17,21.6,30.6,42398,Bladen,2021
37,19,9.8,18.4,67286,Brunswick,2021
37,21,11.7,17.0,63838,Buncombe,2021
37,23,14.3,19.9,53758,Burke,2021
37,25,9.4,12.7,79148,Cabarrus,2021
37,27,14.8,21.2,44705,Caldwell,2021
37,29,8.0,9.8,79162,Camden,2021
37,31,11.8,17.9,63146,Carteret,2021
37,33,20.7,27.8,50879,Caswell,2021
37,35,13.5,17.9,59841,Catawba,2021
37,37,12.2,16.7,82764,Chatham,2021
37,39,13.9,26.9,44211,Cherokee,2021
37,41,17.6,28.5,48568,Chowan,2021
37,43,13.8,25.2,51537,Clay,2021
37,45,18.0,26.8,49009,Cleveland,2021
37,47,23.4,33.9,41206,Columbus,2021
37,49,12.6,18.0,57628,Craven,2021
37,51,15.8,21.7,52463,Cumberland,2021
37,53,8.6,12.8,82759,Currituck,2021
37,55,8.7,14.0,68682,Dare,2021
37,57,13.6,19.6,53473,Davidson,2021
37,59,9.7,14.4,67224,Davie,2021
37,61,19.1,28.4,45149,Duplin,2021
37,63,13.4,19.3,71436,Durham,2021
37,65,22.4,33.0,41157,Edgecombe,2021
37,67,14.3,19.9,60228,Forsyth,2021
37,69,12.5,17.4,63687,Franklin,2021
37,71,14.9,19.6,56017,Gaston,2021
37,73,13.5,20.7,59762,Gates,2021
37,75,17.1,27.6,43647,Graham,2021
37,77,14.0,16.7,62715,Granville,2021
37,79,23.3,31.8,42884,Greene,2021
37,81,13.5,17.7,60915,Guilford,2021
37,83,27.3,35.9,38944,Halifax,2021
37,85,13.3,17.8,61701,Harnett,2021
37,87,13.7,20.4,51817,Haywood,2021
37,89,12.0,18.6,60384,Henderson,2021
37,91,24.5,35.1,40461,Hertford,2021
37,93,15.5,21.5,54948,Hoke,2021
37,95,21.0,30.3,44880,Hyde,2021
37,97,9.5,12.8,69734,Iredell,2021
37,99,18.7,22.5,50652,Jackson,2021
37,101,11.8,15.2,69889,Johnston,2021
37,103,17.6,29.1,47616,Jones,2021
37,105,15.1,20.6,56679,Lee,2021
37,107,21.1,30.1,44244,Lenoir,2021
37,109,8.8,12.3,73319,Lincoln,2021
37,111,14.5,21.8,50476,McDowell,2021
37,113,14.2,21.8,49406,Macon,2021
37,115,15.3,22.2,51849,Madison,2021
37,117,20.1,30.8,43261,Martin,2021
37,119,10.2,14.1,75138,Mecklenburg,2021
37,121,15.0,22.4,49086,Mitchell,2021
37,123,17.6,27.8,52897,Montgomery,2021
37,125,9.2,13.1,69373,Moore,2021
37,127,14.8,22.3,55956,Nash,2021
37,129,11.9,13.2,66212,New Hanover,2021
37,131,23.6,36.4,40524,Northampton,2021
37,133,13.9,18.1,55645,Onslow,2021
37,135,12.2,10.6,79814,Orange,2021
37,137,15.3,26.3,53732,Pamlico,2021
37,139,15.4,22.4,51365,Pasquotank,2021
37,141,10.8,15.4,69555,Pender,2021
37,143,15.5,27.2,53760,Perquimans,2021
37,145,17.5,25.6,55287,Person,2021
37,147,21.6,23.5,48116,Pitt,2021
37,149,12.3,18.8,58064,Polk,2021
37,151,13.5,21.1,57088,Randolph,2021
37,153,26.2,40.2,42158,Richmond,2021
37,155,27.9,36.0,38613,Robeson,2021
37,157,18.1,26.5,46868,Rockingham,2021
37,159,17.0,23.6,56441,Rowan,2021
37,161,17.5,25.3,44477,Rutherford,2021
37,163,20.4,29.2,48267,Sampson,2021
37,165,24.4,35.0,44060,Scotland,2021
37,167,14.5,20.7,57465,Stanly,2021
37,169,13.1,19.1,57763,Stokes,2021
37,171,16.1,21.1,51820,Surry,2021
37,173,17.4,25.8,47838,Swain,2021
37,175,12.5,21.9,61737,Transylvania,2021
37,177,21.1,30.9,39970,Tyrrell,2021
37,179,7.7,9.4,87553,Union,2021
37,181,20.8,34.4,45557,Vance,2021
37,183,9.4,10.1,91558,Wake,2021
37,185,19.9,29.2,44794,Warren,2021
37,187,20.7,38.8,42582,Washington,2021
37,189,21.8,13.8,55183,Watauga,2021
37,191,18.7,26.7,49955,Wayne,2021
37,193,17.1,23.9,47891,Wilkes,2021
37,195,18.8,26.6,48777,Wilson,2021
37,197,12.7,18.8,56547,Yadkin,2021
37,199,17.4,24.2,46299,Yancey,2021
37,1,12.7,15.0,61034,Alamance,2022
37,3,13.8,20.9,67717,Alexander,2022
37,5,15.6,25.3,49524,Alleghany,2022
37,7,22.4,32.6,48284,Anson,2022
37,9,14.4,20.6,54379,Ashe,2022
37,11,14.8,20.5,53894,Avery,2022
37,13,17.7,28.2,54415,Beaufort,2022
37,15,23.8,34.9,44434,Bertie,2022
37,17,18.5,27.5,46002,Bladen,2022
37,19,8.5,16.5,73536,Brunswick,2022
37,21,12.3,15.4,67906,Buncombe,2022
37,23,12.6,18.5,60629,Burke,2022
37,25,8.0,9.9,79649,Cabarrus,2022
37,27,16.2,23.9,53586,Caldwell,2022
37,29,7.4,9.2,82620,Camden,2022
37,31,12.1,17.0,67806,Carteret,2022
37,33,16.6,24.0,54215,Caswell,2022
37,35,12.3,16.4,63934,Catawba,2022
37,37,8.9,11.0,84516,Chatham,2022
37,39,15.1,24.5,51607,Cherokee,2022
37,41,16.3,25.3,55818,Chowan,2022
37,43,13.6,23.1,57698,Clay,2022
37,45,16.7,24.6,53170,Cleveland,2022
37,47,20.9,29.2,45379,Columbus,2022
37,49,13.9,19.1,63076,Craven,2022
37,51,15.9,21.2,58013,Cumberland,2022
37,53,8.9,11.7,76217,Currituck,2022
37,55,7.9,10.8,82052,Dare,2022
37,57,12.5,16.1,63590,Davidson,2022
37,59,11.4,15.1,63436,Davie,2022
37,61,20.2,29.6,51270,Duplin,2022
37,63,11.1,17.0,79524,Durham,2022
37,65,20.8,31.8,48770,Edgecombe,2022
37,67,14.7,21.6,62992,Forsyth,2022
37,69,10.9,15.7,72415,Franklin,2022
37,71,12.0,16.8,65430,Gaston,2022
37,73,14.2,19.5,66561,Gates,2022
37,75,14.8,22.7,50301,Graham,2022
37,77,11.4,15.3,74120,Granville,2022
37,79,25.3,35.2,49992,Greene,2022
37,81,16.4,21.2,63822,Guilford,2022
37,83,19.6,28.0,44804,Halifax,2022
37,85,13.3,16.6,65242,Harnett,2022
37,87,11.6,18.5,62374,Haywood,2022
37,89,12.3,16.2,65252,Henderson,2022
37,91,22.8,35.1,43871,Hertford,2022
37,93,14.6,20.2,60903,Hoke,2022
37,95,20.8,28.3,48068,Hyde,2022
37,97,9.4,12.1,73446,Iredell,2022
37,99,17.6,18.6,58491,Jackson,2022
37,101,10.0,13.6,80612,Johnston,2022
37,103,17.1,27.4,56079,Jones,2022
37,105,15.8,23.8,58244,Lee,2022
37,107,21.3,31.7,46410,Lenoir,2022
37,109,9.0,11.3,78615,Lincoln,2022
37,111,16.1,22.2,54042,McDowell,2022
37,113,12.4,18.6,53832,Macon,2022
37,115,15.0,21.2,54137,Madison,2022
37,117,20.4,29.3,44445,Martin,2022
37,119,10.3,14.1,80645,Mecklenburg,2022
37,121,15.7,21.7,53555,Mitchell,2022
37,123,16.4,24.0,55313,Montgomery,2022
37,125,9.8,13.0,84458,Moore,2022
37,127,14.5,21.4,55406,Nash,2022
37,129,11.7,15.5,70995,New Hanover,2022
37,131,19.6,29.3,51550,Northampton,2022
37,133,12.4,16.2,62190,Onslow,2022
37,135,13.3,11.4,87780,Orange,2022
37,137,15.5,27.4,59845,Pamlico,2022
37,139,15.4,22.8,59066,Pasquotank,2022
37,141,10.5,13.9,73663,Pender,2022
37,143,13.4,23.0,60665,Perquimans,2022
37,145,13.8,20.3,61302,Person,2022
37,147,19.5,22.9,57319,Pitt,2022
37,149,13.0,19.5,61585,Polk,2022
37,151,14.2,17.6,58037,Randolph,2022
37,153,22.6,30.6,44383,Richmond,2022
37,155,26.1,35.0,39931,Robeson,2022
37,157,17.0,22.9,52494,Rockingham,2022
37,159,14.9,23.1,61105,Rowan,2022
37,161,16.4,21.4,53485,Rutherford,2022
37,163,20.1,25.7,52248,Sampson,2022
37,165,24.1,34.3,45996,Scotland,2022
37,167,12.9,19.0,58642,Stanly,2022
37,169,10.5,15.4,56259,Stokes,2022
37,171,17.3,22.7,49524,Surry,2022
37,173,13.5,20.7,55462,Swain,2022
37,175,13.4,20.9,62173,Transylvania,2022
37,177,19.7,28.1,42514,Tyrrell,2022
37,179,7.1,8.7,95079,Union,2022
37,181,20.1,31.5,49961,Vance,2022
37,183,7.5,8.3,97099,Wake,2022
37,185,20.7,27.3,47170,Warren,2022
37,187,21.1,35.3,46072,Washington,2022
37,189,21.0,12.8,57888,Watauga,2022
37,191,18.0,26.4,55635,Wayne,2022
37,193,19.1,28.4,48229,Wilkes,2022
37,195,19.7,30.6,51535,Wilson,2022
37,197,12.1,17.6,61464,Yadkin,2022
37,199,14.8,21.4,54455,Yancey,2022
37,1,12.5,16.0,66395,Alamance,2023
37,3,12.4,17.4,62976,Alexander,2023
37,5,16.3,24.5,46571,Alleghany,2023
37,7,24.1,33.0,50503,Anson,2023
37,9,15.3,22.0,54589,Ashe,2023
37,11,15.9,22.1,55922,Avery,2023
37,13,19.3,30.5,55960,Beaufort,2023
37,15,24.3,33.5,44371,Bertie,2023
37,17,19.3,29.1,49661,Bladen,2023
37,19,10.3,16.8,76797,Brunswick,2023
37,21,12.9,16.4,71218,Buncombe,2023
37,23,15.9,24.4,55616,Burke,2023
37,25,9.1,12.4,85540,Cabarrus,2023
37,27,13.6,18.1,56239,Caldwell,2023
37,29,8.0,8.5,84656,Camden,2023
37,31,10.6,14.4,76397,Carteret,2023
37,33,16.5,23.3,57865,Caswell,2023
37,35,11.9,15.6,65898,Catawba,2023
37,37,8.4,11.7,95716,Chatham,2023
37,39,14.6,24.5,53926,Cherokee,2023
37,41,15.1,24.6,60808,Chowan,2023
37,43,12.1,22.2,53229,Clay,2023
37,45,17.2,26.0,61411,Cleveland,2023
37,47,20.1,30.2,50837,Columbus,2023
37,49,15.5,25.1,61761,Craven,2023
37,51,15.3,22.0,61511,Cumberland,2023
37,53,7.8,10.5,86047,Currituck,2023
37,55,8.9,13.3,79646,Dare,2023
37,57,14.0,21.2,63551,Davidson,2023
37,59,9.7,13.9,76153,Davie,2023
37,61,19.8,26.8,52947,Duplin,2023
37,63,10.6,15.1,81413,Durham,2023
37,65,22.6,39.0,49972,Edgecombe,2023
37,67,14.8,23.2,65556,Forsyth,2023
37,69,11.3,15.0,70898,Franklin,2023
37,71,13.5,18.5,67076,Gaston,2023
37,73,14.0,19.5,64047,Gates,2023
37,75,16.9,23.3,51841,Graham,2023
37,77,11.4,15.8,72896,Granville,2023
37,79,22.0,29.7,52145,Greene,2023
37,81,14.8,20.6,65890,Guilford,2023
37,83,25.5,41.6,48520,Halifax,2023
37,85,13.7,18.3,70074,Harnett,2023
37,87,11.0,17.3,64553,Haywood,2023
37,89,10.6,15.5,63765,Henderson,2023
37,91,22.7,32.0,48964,Hertford,2023
37,93,18.5,24.3,60257,Hoke,2023
37,95,23.3,31.2,49781,Hyde,2023
37,97,9.2,11.9,84335,Iredell,2023
37,99,17.0,21.3,55462,Jackson,2023
37,101,10.8,14.1,79666,Johnston,2023
37,103,19.1,30.3,53001,Jones,2023
37,105,14.7,22.9,62680,Lee,2023
37,107,23.1,32.0,51601,Lenoir,2023
37,109,10.7,13.2,79109,Lincoln,2023
37,111,15.1,20.1,53697,McDowell,2023
37,113,13.5,20.5,58765,Macon,2023
37,115,13.8,20.0,59505,Madison,2023
37,117,19.7,30.8,49033,Martin,2023
37,119,10.2,14.2,84796,Mecklenburg,2023
37,121,14.8,19.8,56746,Mitchell,2023
37,123,15.6,21.2,55005,Montgomery,2023
37,125,10.5,12.6,78955,Moore,2023
37,127,14.4,21.3,65457,Nash,2023
37,129,12.1,15.5,79106,New Hanover,2023
37,131,20.7,31.8,44182,Northampton,2023
37,133,12.4,16.2,66982,Onslow,2023
37,135,11.7,8.2,86736,Orange,2023
37,137,15.0,25.4,61996,Pamlico,2023
37,139,15.5,23.2,59463,Pasquotank,2023
37,141,11.4,14.4,72161,Pender,2023
37,143,15.1,24.8,61157,Perquimans,2023
37,145,14.3,19.2,64466,Person,2023
37,147,19.4,23.2,60268,Pitt,2023
37,149,12.8,19.8,59012,Polk,2023
37,151,15.5,20.6,59336,Randolph,2023
37,153,22.6,31.0,50242,Richmond,2023
37,155,27.7,37.9,42180,Robeson,2023
37,157,13.6,18.6,58508,Rockingham,2023
37,159,14.6,20.7,65139,Rowan,2023
37,161,15.2,20.3,50714,Rutherford,2023
37,163,18.5,26.0,53637,Sampson,2023
37,165,28.6,42.9,45604,Scotland,2023
37,167,11.0,14.5,65784,Stanly,2023
37,169,10.5,15.2,61374,Stokes,2023
37,171,13.9,16.3,58211,Surry,2023
37,173,15.6,23.3,54357,Swain,2023
37,175,12.5,18.4,62002,Transylvania,2023
37,177,21.4,29.9,46072,Tyrrell,2023
37,179,8.4,10.2,98776,Union,2023
37,181,23.2,36.7,45408,Vance,2023
37,183,7.2,8.2,103084,Wake,2023
37,185,20.3,30.6,47866,Warren,2023
37,187,22.6,35.8,47239,Washington,2023
37,189,18.6,12.3,62045,Watauga,2023
37,191,17.1,22.2,56313,Wayne,2023
37,193,16.3,20.7,50848,Wilkes,2023
37,195,18.8,27.0,52620,Wilson,2023
37,197,12.9,17.8,61626,Yadkin,2023
37,199,15.9,22.0,54913,Yancey,2023
37,1,13.8,18.2,66652,Alamance,2024
37,3,12.2,15.0,66198,Alexander,2024
37,5,15.1,24.0,53354,Alleghany,2024
37,7,21.3,26.0,57324,Anson,2024
37,9,15.5,24.4,57567,Ashe,2024
37,11,15.8,19.9,58017,Avery,2024
37,13,16.1,23.9,58625,Beaufort,2024
37,15,20.1,25.4,47587,Bertie,2024
37,17,20.6,28.2,49547,Bladen,2024
37,19,9.0,16.2,81361,Brunswick,2024
37,21,12.4,15.7,78993,Buncombe,2024
37,23,14.0,22.1,61006,Burke,2024
37,25,8.5,10.2,87867,Cabarrus,2024
37,27,14.0,18.3,59968,Caldwell,2024
37,29,7.5,7.8,89509,Camden,2024
37,31,9.5,13.2,76739,Carteret,2024
37,33,16.8,23.6,60453,Caswell,2024
37,35,13.0,16.9,70879,Catawba,2024
37,37,8.7,10.8,100222,Chatham,2024
37,39,15.4,23.9,55351,Cherokee,2024
37,41,15.9,24.8,57780,Chowan,2024
37,43,11.5,19.1,64569,Clay,2024
37,45,16.3,21.6,61392,Cleveland,2024
37,47,19.3,25.6,50741,Columbus,2024
37,49,12.7,16.6,65661,Craven,2024
37,51,16.5,22.2,60831,Cumberland,2024
37,53,8.1,10.4,94709,Currituck,2024
37,55,8.4,11.9,87321,Dare,2024
37,57,11.2,14.8,65644,Davidson,2024
37,59,10.4,13.0,77417,Davie,2024
37,61,21.1,30.5,56729,Duplin,2024
37,63,11.3,15.7,84375,Durham,2024
37,65,21.1,30.4,49283,Edgecombe,2024
37,67,13.3,16.6,67638,Forsyth,2024
37,69,12.6,15.2,72026,Franklin,2024
37,71,12.4,15.9,70318,Gaston,2024
37,73,14.3,17.5,68522,Gates,2024
37,75,16.4,22.3,55006,Graham,2024
37,77,13.5,18.3,70353,Granville,2024
37,79,19.9,24.5,57307,Greene,2024
37,81,13.5,18.6,70304,Guilford,2024
37,83,18.8,26.8,47318,Halifax,2024
37,85,13.2,14.3,72961,Harnett,2024
37,87,13.6,18.4,65113,Haywood,2024
37,89,9.8,14.7,72820,Henderson,2024
37,91,22.9,30.1,48051,Hertford,2024
37,93,16.2,23.0,68243,Hoke,2024
37,95,20.7,26.4,53386,Hyde,2024
37,97,9.6,11.8,85180,Iredell,2024
37,99,16.9,21.0,62044,Jackson,2024
37,101,9.6,13.4,88688,Johnston,2024
37,103,17.3,27.7,56456,Jones,2024
37,105,13.5,18.6,71876,Lee,2024
37,107,19.1,27.6,52084,Lenoir,2024
37,109,9.7,12.5,83859,Lincoln,2024
37,111,15.5,20.9,57124,McDowell,2024
37,113,12.2,19.9,58888,Macon,2024
37,115,14.9,19.3,61754,Madison,2024
37,117,19.7,28.4,52295,Martin,2024
37,119,10.6,14.3,90698,Mecklenburg,2024
37,121,13.5,19.1,58182,Mitchell,2024
37,123,16.0,23.0,57356,Montgomery,2024
37,125,10.9,13.4,85211,Moore,2024
37,127,12.5,18.4,66531,Nash,2024
37,129,11.7,14.0,77098,New Hanover,2024
37,131,22.5,34.5,51986,Northampton,2024
37,133,11.5,14.8,71800,Onslow,2024
37,135,12.4,9.1,83872,Orange,2024
37,137,17.6,23.6,63059,Pamlico,2024
37,139,15.3,21.8,64384,Pasquotank,2024
37,141,10.4,12.3,79480,Pender,2024
37,143,13.8,22.2,71446,Perquimans,2024
37,145,14.3,19.9,60520,Person,2024
37,147,19.8,21.7,59430,Pitt,2024
37,149,12.3,18.1,74525,Polk,2024
37,151,12.5,16.5,63374,Randolph,2024
37,153,21.5,31.9,50515,Richmond,2024
37,155,23.7,30.8,46927,Robeson,2024
37,157,17.2,24.5,56141,Rockingham,2024
37,159,14.1,18.6,65555,Rowan,2024
37,161,14.8,20.4,57208,Rutherford,2024
37,163,19.1,26.5,55628,Sampson,2024
37,165,22.9,34.7,55335,Scotland,2024
37,167,12.6,15.9,64791,Stanly,2024
37,169,11.8,15.1,67343,Stokes,2024
37,171,16.7,23.9,55191,Surry,2024
37,173,15.6,22.0,53257,Swain,2024
37,175,12.0,16.9,71679,Transylvania,2024
37,177,19.5,25.2,49846,Tyrrell,2024
37,179,7.6,9.1,107681,Union,2024
37,181,18.1,26.6,54441,Vance,2024
37,183,8.6,10.1,107083,Wake,2024
37,185,20.1,27.8,55287,Warren,2024
37,187,19.9,32.4,51253,Washington,2024
37,189,20.8,13.0,58832,Watauga,2024
37,191,19.3,29.6,59786,Wayne,2024
37,193,15.3,20.3,56053,Wilkes,2024
37,195,17.6,27.7,62252,Wilson,2024
37,197,14.5,19.1,66012,Yadkin,2024
37,199,14.5,19.8,62198,Yancey,2024
